{
    "intrinsic_parameters": {
        "focal_length": [
            956.6371790479928,
            957.551395437328
        ],
        "skew": 0.0,
        "principal_point": [
            369.0548800884791,
            651.414191517914
        ]
    },
    "extrinsic_parameters": [
        {
            "image_id": "1",
            "rotation_matrix": [
                [
                    0.9969984716073393,
                    0.01387206059401842,
                    -0.07616832378033012
                ],
                [
                    -0.025115354154233025,
                    0.9885626980763305,
                    -0.14870444162079802
                ],
                [
                    0.07323432663947127,
                    0.1501710954442357,
                    0.9859439007847969
                ]
            ],
            "translation_vector": [
                -3.9382951643112047,
                -3.6171628293839353,
                14.659111357232524
            ]
        },
        {
            "image_id": "10",
            "rotation_matrix": [
                [
                    0.9982833293027676,
                    0.05391999286630991,
                    -0.022869823031214334
                ],
                [
                    -0.050690182241526494,
                    0.9910078713357054,
                    0.12383014324062977
                ],
                [
                    0.029341095080156865,
                    -0.12245829216501078,
                    0.9920398514271118
                ]
            ],
            "translation_vector": [
                -3.9382951643112047,
                -3.6171628293839353,
                14.659111357232524
            ]
        },
        {
            "image_id": "11",
            "rotation_matrix": [
                [
                    0.9172613443543308,
                    -0.003588548682833058,
                    -0.39826969313724686
                ],
                [
                    -0.07743035180506871,
                    0.979274048676762,
                    -0.18715469058392878
                ],
                [
                    0.3906867885821443,
                    0.2025079255401471,
                    0.8979723677935737
                ]
            ],
            "translation_vector": [
                -3.9382951643112047,
                -3.6171628293839353,
                14.659111357232524
            ]
        },
        {
            "image_id": "12",
            "rotation_matrix": [
                [
                    0.9173693977117047,
                    -0.19600126046901828,
                    -0.3464345450970792
                ],
                [
                    -0.0180398857673921,
                    0.848990052904375,
                    -0.528100797756381
                ],
                [
                    0.3976279047848172,
                    0.4907131503882718,
                    0.7753016531469888
                ]
            ],
            "translation_vector": [
                -3.9382951643112047,
                -3.6171628293839353,
                14.659111357232524
            ]
        },
        {
            "image_id": "13",
            "rotation_matrix": [
                [
                    0.930602419785836,
                    -0.07528469152160916,
                    0.3582057390819454
                ],
                [
                    -0.0795193632701893,
                    0.9136648225933643,
                    0.3986141778970483
                ],
                [
                    -0.3572895284693497,
                    -0.39943561080345874,
                    0.8442721040447905
                ]
            ],
            "translation_vector": [
                -3.9382951643112047,
                -3.6171628293839353,
                14.659111357232524
            ]
        },
        {
            "image_id": "14",
            "rotation_matrix": [
                [
                    0.9878516656613565,
                    0.14867539425850926,
                    0.045218511609298864
                ],
                [
                    -0.126167458744857,
                    0.9372000907049117,
                    -0.32517343424174455
                ],
                [
                    -0.09072408172006079,
                    0.3155180139465609,
                    0.9445726673323073
                ]
            ],
            "translation_vector": [
                -3.9382951643112047,
                -3.6171628293839353,
                14.659111357232524
            ]
        },
        {
            "image_id": "15",
            "rotation_matrix": [
                [
                    0.991161584300739,
                    0.035618595540988215,
                    -0.12778900366673435
                ],
                [
                    -0.09617688016537675,
                    0.8564069090476105,
                    -0.5072644417433305
                ],
                [
                    0.09137133865772086,
                    0.5150713754298577,
                    0.8522633141727332
                ]
            ],
            "translation_vector": [
                -3.9382951643112047,
                -3.6171628293839353,
                14.659111357232524
            ]
        },
        {
            "image_id": "16",
            "rotation_matrix": [
                [
                    0.9970109559624821,
                    -0.02798631508798583,
                    0.07201333111704773
                ],
                [
                    0.011707251295892236,
                    0.9760492829933107,
                    0.2172342915732661
                ],
                [
                    -0.07636814753463912,
                    -0.21574189054525303,
                    0.973459471527237
                ]
            ],
            "translation_vector": [
                -3.9382951643112047,
                -3.6171628293839353,
                14.659111357232524
            ]
        },
        {
            "image_id": "17",
            "rotation_matrix": [
                [
                    0.9954348958663304,
                    0.0015469983948421476,
                    -0.0954304714834538
                ],
                [
                    0.01738288377629347,
                    0.9802070111442489,
                    0.19721067581466822
                ],
                [
                    0.09384670182381374,
                    -0.19796924533781668,
                    0.9757053727725227
                ]
            ],
            "translation_vector": [
                -3.9382951643112047,
                -3.6171628293839353,
                14.659111357232524
            ]
        },
        {
            "image_id": "18",
            "rotation_matrix": [
                [
                    0.9892467843725529,
                    -0.007156846745743836,
                    -0.14608072820609055
                ],
                [
                    0.018121359586876697,
                    0.997103530290232,
                    0.07386586633540121
                ],
                [
                    0.14512896311655668,
                    -0.07571875215172383,
                    0.9865111528195203
                ]
            ],
            "translation_vector": [
                -3.9382951643112047,
                -3.6171628293839353,
                14.659111357232524
            ]
        },
        {
            "image_id": "19",