{
    "intrinsic_parameters": {
        "focal_length": [
            956.6371787983926,
            957.5513952134168
        ],
        "skew": 0.0,
        "principal_point": [
            369.05487706089315,
            651.4141916607855
        ]
    },
    "extrinsic_parameters": [
        {
            "image_id": 1,
            "rotation_matrix": [
                [
                    0.013872060933167086,
                    -0.9969984717939453,
                    -0.07616832127599898
                ],
                [
                    0.988562698081735,
                    0.02511535411018364,
                    -0.14870444159230864
                ],
                [
                    0.15017109537732867,
                    -0.0732343241141569,
                    0.9859439009825637
                ]
            ],
            "translation_vector": [
                3.040694185460896,
                -3.7929703106649493,
                15.171751629942813
            ]
        },
        {
            "image_id": 2,
            "rotation_matrix": [
                [
                    0.2419497875152375,
                    0.8905215999967729,
                    -0.3852681926405542
                ],
                [
                    -0.9430773716441218,
                    0.12245551474809875,
                    -0.30920821140550836
                ],
                [
                    -0.22817837630710497,
                    0.4381505755410643,
                    0.8694588556906461
                ]
            ],
            "translation_vector": [
                -2.707465195944546,
                4.057467976764927,
                15.059062332909487
            ]
        }
    ],
    "radial_distortion_coefficients": [
        0.19763673608426796,
        -0.7068637576389527,
        0.04877215007151361
    ],
    "reprojection_errors": {
        "mean_error": 0.06971433798479718,
        "std_dev": 0.02321370186242417
    }
}