{
    "intrinsic_parameters": {
        "focal_length": [
            956.6371790479928,
            957.551395437328
        ],
        "skew": 0.0,
        "principal_point": [
            369.0548800884791,
            651.414191517914
        ]
    },
    "extrinsic_parameters": [
        {
            "image_id": 1,
            "rotation_matrix": [
                [
                    0.9969984716073393,
                    0.01387206059401842,
                    -0.07616832378033012
                ],
                [
                    -0.025115354154233025,
                    0.9885626980763305,
                    -0.14870444162079802
                ],
                [
                    0.07323432663947127,
                    0.1501710954442357,
                    0.9859439007847969
                ]
            ],
            "translation_vector": [
                -3.9382951643112047,
                -3.6171628293839353,
                14.659111357232524
            ]
        },
        {
            "image_id": 2,
            "rotation_matrix": [
                [
                    0.8905215986085901,
                    -0.24194978844717027,
                    -0.38526819526398837
                ],
                [
                    0.12245551492769183,
                    0.9430773715699101,
                    -0.3092082115607274
                ],
                [
                    0.4381505783122909,
                    0.2281783756256479,
                    0.869458854472968
                ]
            ],
            "translation_vector": [
                -1.4977163021366169,
                -0.6579188795550363,
                13.918170452280126
            ]
        }
    ],
    "radial_distortion_coefficients": [
        0.19763674780679627,
        -0.7068638893872966,
        0.04877253781562225
    ],
    "reprojection_errors": {
        "mean_error": 0.06971433798479718,
        "std_dev": 0.02321370186242417
    }
}